Survival prisijungimas,Survival atsijungimas,Skyblock prisijungimas,Skyblock atsijungimas,Creative prisijungimas,Creative atsijungimas,Boxpvp prisijungimas,Boxpvp atsijungimas,Prison prisijungimas,Prison atsijungimas,Events prisijungimas,Events atsijungimas
1699819537,1699819621,1701292451,1701316821,1701628250,1701628279,1696946629,1696946634,1697998440,1697998468,1699725555,1699726706
1700258339,1700258436,1701323207,1701323705,1702226477,1702227403,1697998405,1697998416,1701628204,1701628250,1700676777,1700677078
1700325656,1700325685,1701331549,1701332532,1703853671,1703853745,1699128813,1699128820,1702841973,1702842353,1700678623,1700678782
1700390856,1700390873,1701335558,1701336282,1703943245,1703943296,1700638940,1700639308,1703172040,1703172138,1700934899,1700940079
1700400571,1700407502,1701341783,1701342776,1706304055,1706304065,1700639375,1700639812,1704190638,1704190936,1701539752,1701541101
1700638739,1700638940,1701345874,1701345908,1707064160,1707064194,1700650165,1700650201,1704558117,1704558200,1701543000,1701543103
1700639317,1700639376,1701345949,1701346064,1707127493,1707127502,1700676120,1700676437,1704727786,1704727841,1701543774,1701543858
1700650145,1700650165,1701366184,1701373073,1707242152,1707242157,1700677078,1700677329,1704886740,1704887263,1701547007,1701547064
1700655376,1700655598,1701373259,1701373362,1707415435,1707415819,1700681657,1700682021,1705072041,1705072058,1701547975,1701547988
1700682021,1700682088,1701374825,1701375698,1707760451,1707760461,1700685012,1700685913,1705695280,1705695304,1702230852,1702232241
1700682613,1700682922,1701376148,1701376159,1708246610,1708246925,1700733981,1700734007,1705761488,1705762444,1702829136,1702829218
1700683261,1700683906,1701376602,1701378353,1708253316,1708253324,1700764696,1700764752,1705762541,1705763175,1702833617,1702834078
1700684614,1700685012,1701378742,1701403244,1708368149,1708368768,1700770045,1700770063,1705772969,1705773091,1702834144,1702838358
1700723021,1700723106,1701409716,1701409926,1708799244,1708799632,1700770633,1700770656,1705777307,1705777310,1703004163,1703008263
1700741273,1700741312,1701412364,1701412744,1715435948,1715435957,1700828503,1700828559,1705781370,1705781373,1703008375,1703008903
1700764038,1700764403,1701412880,1701413059,1716320688,1716320694,1700854304,1700856813,1705827885,1705827894,1703010613,1703011002
1700764657,1700764696,1701418029,1701418398,1716890145,1716890149,1700857034,1700857093,1705854076,1705854258,1703011206,1703012286
1700764752,1700764771,1701418455,1701418934,,,1700858619,1700858724,1706304065,1706304071,1703195031,1703196758
1700770012,1700770045,1701426332,1701426342,,,1700860437,1700860562,1706438107,1706438247,1703354137,1703359465
1700770656,1700770813,1701426762,1701427232,,,1700862675,1700862692,1706866946,1706866985,1703518694,1703518916
1700805190,1700805242,1701432876,1701432977,,,1700898747,1700898917,1706962936,1706962936,1704217872,1704218044
1700810123,1700810278,1701442138,1701442169,,,1700899628,1700899968,1706962938,1706962938,1704219044,1704224605
1700828403,1700828503,1701442216,1701443080,,,1700904540,1700904572,1706962938,1706962938,1704301791,1704302288
1700851018,1700851052,1701451215,1701451508,,,1700913966,1700913985,1706962941,1706962941,1704480117,1704480929
1700852410,1700852485,1701451630,1701455309,,,1700940079,1700940137,1706962941,1706962941,1704481003,1704481171
1700852875,1700854304,1701455356,1701459056,,,1700940188,1700940273,1706962942,1706962942,1704564054,1704564518
1700860985,1700861374,1701460171,1701489608,,,1700947680,1700947698,1706962942,1706962942,1704785654,1704785691
1700861736,1700862081,1701493622,1701493754,,,1700982852,1700982886,1706962944,1706962944,1704930681,1704930886
1700862715,1700863035,1701496141,1701496332,,,1700990376,1700990405,1706962944,1706962944,1705005683,1705005846
1700893778,1700893800,1701500880,1701501377,,,1701017145,1701017440,1706962945,1706962945,1705258233,1705258755
1700898917,1700898944,1701504809,1701504941,,,1701022883,1701022892,1706962947,1706962947,1705682475,1705682517
1700899607,1700899628,1701515500,1701515758,,,1701027596,1701027652,1706962947,1706962947,1705773091,1705777200
1700904532,1700904540,1701523689,1701524300,,,1701028344,1701028432,1706962947,1706962947,1705777237,1705777290
1700913930,1700913966,1701524356,1701524415,,,1701070752,1701070759,1706962949,1706962949,1705777320,1705779185
1700947698,1700947888,1701524809,1701527624,,,1701112733,1701112914,1706962950,1706962950,1705779481,1705781370
1700981891,1700981903,1701527644,1701536052,,,1701113489,1701113657,1706962950,1706962950,1706464686,1706464777
1700982838,1700982852,1701536349,1701539162,,,1701116357,1701116411,1706962977,1706962977,1706465891,1706465905
1700982886,1700982953,1701539211,1701539752,,,1701120714,1701120724,1706962978,1706962978,1706465951,1706467960
1700983834,1700984013,1701541101,1701543000,,,1701253405,1701253415,1706962979,1706962979,1706983052,1706983191
1700990315,1700990376,1701543103,1701543635,,,1701376003,1701376148,1706962979,1706962979,1706983209,1706983431
1701016766,1701016791,1701543670,1701543692,,,1701524415,1701524771,1706962980,1706962980,1706983453,1706983639
1701017440,1701017450,1701543858,1701544540,,,1701548993,1701549026,1706962981,1706962981,1706983652,1706983742
1701021418,1701021479,1701546978,1701547007,,,1701595588,1701595596,1706962982,1706962982,1706985579,1706985934
1701022791,1701022883,1701547667,1701547975,,,1701628135,1701628204,1706962982,1706962982,1707606977,1707607045
1701027585,1701027596,1701547988,1701547992,,,1701683150,1701683443,1706962982,1706962982,1707672048,1707672830
1701070759,1701070990,1701548945,1701548993,,,1701725810,1701725813,1706962983,1706962983,1708882915,1708883247
1701120724,1701120770,1701549026,1701549175,,,1701763600,1701763656,1706962984,1706962984,1708883888,1708883912
1701199724,1701199771,1701550306,1701550704,,,1701786565,1701786598,1706963005,1706963005,1708883916,1708888004
1701253415,1701253661,1701550765,1701552578,,,1701804620,1701804657,1706963005,1706963006,1709145357,1709145401
1701253792,1701253930,1701553742,1701576040,,,1701804864,1701805157,1706963006,1706963006,1713114437,1713114480
1701345908,1701345949,1701595043,1701595555,,,1701847620,1701847630,1706963006,1706963006,1713114483,1713114581
1701373073,1701373259,1701595596,1701600703,,,1702023272,1702023417,1706963007,1706963007,1713114647,1713118708
1701373362,1701374825,1701600747,1701608597,,,1702025884,1702026313,1706963009,1706963009,1716051667,1716054698
1701375698,1701376003,1701616499,1701624528,,,1702059774,1702060541,1706963028,1706963028,1716055646,1716056145
1701376159,1701376602,1701625530,1701627960,,,1702060576,1702060992,1706963028,1706963028,,
1701412744,1701412880,1701628279,1701630579,,,1702061071,1702062347,1706963029,1706963029,,
1701426342,1701426762,1701630584,1701633362,,,1702108123,1702108136,1706963029,1706963029,,
1701442169,1701442216,1701633420,1701635501,,,1702108967,1702109429,1706980656,1706980663,,
1701451508,1701451630,1701637157,1701637182,,,1702110961,1702110987,1707064194,1707065218,,
1701515758,1701516351,1701639798,1701643581,,,1702122202,1702122207,1707232830,1707232845,,
1701524300,1701524356,1701668960,1701669147,,,1702137553,1702137821,1707589066,1707589076,,
1701524771,1701524809,1701677115,1701677403,,,1702199991,1702200037,1707656454,1707656467,,
1701527624,1701527644,1701683046,1701683062,,,1702209625,1702209694,1707760461,1707760466,,
1701536052,1701536349,1701683110,1701683150,,,1702326753,1702326851,1708246605,1708246610,,
1701539162,1701539211,1701699494,1701699703,,,1702403915,1702403922,1709891968,1709892118,,
1701543635,1701543670,1701701542,1701701633,,,1702490905,1702490981,1711962456,1711962573,,
1701543692,1701543774,1701708190,1701708416,,,1702491648,1702491879,1713640709,1713640898,,
1701544540,1701546978,1701711521,1701716415,,,1702492240,1702492272,1714289133,1714289141,,
1701547063,1701547667,1701716909,1701720551,,,1702493036,1702493195,1715196179,1715196191,,
1701547992,1701548945,1701724757,1701725672,,,1702497039,1702497090,1715435958,1715435983,,
1701549175,1701550306,1701725813,1701726160,,,1702500260,1702500268,1716197835,1716197861,,
1701550704,1701550765,1701727347,1701748847,,,1702575986,1702576042,1716320678,1716320683,,
1701595555,1701595588,1701755163,1701755375,,,1702579266,1702579322,1716480488,1716480500,,
1701624528,1701625531,1701760005,1701760620,,,1702583654,1702583898,1716798511,1716798522,,
1701627960,1701628135,1701763510,1701763534,,,1702724220,1702724356,1716890129,1716890136,,
1701637182,1701637260,1701764281,1701764738,,,1702724767,1702724774,1718298299,1718298425,,
1701683062,1701683110,1701779655,1701779741,,,1702726119,1702726204,,,,
1701699703,1701699981,1701786401,1701786545,,,1702727986,1702728183,,,,
1701708416,1701708483,1701799103,1701803479,,,1702750995,1702751092,,,,
1701716415,1701716909,1701803511,1701803927,,,1702764490,1702764785,,,,
1701725672,1701725810,1701804608,1701804620,,,1702801503,1702801572,,,,
1701755375,1701755415,1701805223,1701805581,,,1702804493,1702804759,,,,
1701763534,1701763600,1701806721,1701806736,,,1702805242,1702805256,,,,
1701763656,1701763718,1701807459,1701807579,,,1702805511,1702805588,,,,
1701786545,1701786565,1701807583,1701807590,,,1702805980,1702806003,,,,
1701803479,1701803511,1701808245,1701808251,,,1702817493,1702817503,,,,
1701803927,1701804608,1701808392,1701808396,,,1702817837,1702818435,,,,
1701804657,1701804864,1701808662,1701808970,,,1702818609,1702818664,,,,
1701805157,1701805223,1701809019,1701809230,,,1702818736,1702818739,,,,
1701805581,1701806715,1701809828,1701810840,,,1702819636,1702819650,,,,
1701806736,1701807459,1701810849,1701811805,,,1702823039,1702823091,,,,
1701808251,1701808387,1701812327,1701835203,,,1702840380,1702840386,,,,
1701808396,1701808662,1701841655,1701841931,,,1702894394,1702894409,,,,
1701841931,1701842174,1701847533,1701847548,,,1702901050,1702901161,,,,
1701847548,1701847620,1701847630,1701848035,,,1702901945,1702901947,,,,
1701850619,1701850709,1701850586,1701850619,,,1702904455,1702905223,,,,
1701877743,1701877826,1701857447,1701857943,,,1702908049,1702908052,,,,
1701887077,1701887332,1701864865,1701865067,,,1702917012,1702917049,,,,
1701887561,1701887846,1701877673,1701877743,,,1702969254,1702969308,,,,
1701928572,1701928727,1701885590,1701887077,,,1702970536,1702970559,,,,
1701973834,1701973920,1701887332,1701887561,,,1702971949,1702972347,,,,
1701975460,1701975508,1701887846,1701891429,,,1702980579,1702980693,,,,
1702018303,1702018373,1701891730,1701921645,,,1702990180,1702990469,,,,
1702019740,1702019836,1701928155,1701928572,,,1702994794,1702995553,,,,
1702022540,1702023272,1701936568,1701936879,,,1703004150,1703004163,,,,
1702023562,1702023897,1701949880,1701950206,,,1703010556,1703010566,,,,
1702024381,1702025598,1701970323,1701973834,,,1703060893,1703060944,,,,
1702025704,1702025884,1701973920,1701975460,,,1703071002,1703071008,,,,
1702026313,1702026335,1701975508,1701976569,,,1703073726,1703073811,,,,
1702051316,1702051331,1701976576,1701976585,,,1703076872,1703077000,,,,
1702060541,1702060562,1701976590,1701978436,,,1703078336,1703078376,,,,
1702063299,1702063785,1702018373,1702018576,,,1703094578,1703094582,,,,
1702103584,1702103716,1702019729,1702019740,,,1703097852,1703097861,,,,
1702108110,1702108123,1702019836,1702022540,,,1703152342,1703152345,,,,
1702108255,1702108317,1702023417,1702023562,,,1703152449,1703152472,,,,
1702108757,1702108905,1702023897,1702024381,,,1703161059,1703161118,,,,
1702108918,1702108967,1702025598,1702025704,,,1703168222,1703168228,,,,
1702109435,1702109551,1702026335,1702026349,,,1703191844,1703191849,,,,
1702110929,1702110961,1702043682,1702047015,,,1703235970,1703236006,,,,
1702111879,1702112087,1702047365,1702051316,,,1703244796,1703244887,,,,
1702122169,1702122202,1702051331,1702054582,,,1703278485,1703279839,,,,
1702137263,1702137553,1702058297,1702059774,,,1703289363,1703289415,,,,
1702138027,1702138166,1702060562,1702060576,,,1703323513,1703323666,,,,
1702141974,1702142176,1702061065,1702061071,,,1703341118,1703341159,,,,
1702173846,1702174104,1702062347,1702063299,,,1703371265,1703371289,,,,
1702174401,1702176447,1702063785,1702069846,,,1703412391,1703412397,,,,
1702196603,1702196665,1702071223,1702094443,,,1703415688,1703415789,,,,
1702199663,1702199991,1702103482,1702103584,,,1703417926,1703417934,,,,
1702200070,1702200818,1702108136,1702108255,,,1703441500,1703441503,,,,
1702201448,1702201544,1702108316,1702108757,,,1703502119,1703502125,,,,
1702202674,1702202858,1702108905,1702108918,,,1703517851,1703517871,,,,
1702203733,1702204286,1702109429,1702109435,,,1703600188,1703600259,,,,
1702209306,1702209625,1702109551,1702110929,,,1703625382,1703625559,,,,
1702209694,1702211628,1702110987,1702111879,,,1703625759,1703626475,,,,
1702212299,1702212365,1702112087,1702122169,,,1703627019,1703627168,,,,
1702212419,1702212482,1702122207,1702132926,,,1703627858,1703628216,,,,
1702215143,1702216140,1702135380,1702136426,,,1703628226,1703630947,,,,
1702224616,1702224850,1702136432,1702137263,,,1703673088,1703673183,,,,
1702226461,1702226477,1702137821,1702138027,,,1703686525,1703686782,,,,
1702229543,1702229766,1702138166,1702141974,,,1703713620,1703713796,,,,
1702229835,1702229918,1702142176,1702150958,,,1703718971,1703719042,,,,
1702326509,1702326534,1702153405,1702173474,,,1703760014,1703760294,,,,
1702326544,1702326753,1702174104,1702174401,,,1703767007,1703767295,,,,
1702360098,1702360322,1702196579,1702196603,,,1703786073,1703787282,,,,
1702369105,1702369397,1702199257,1702199663,,,1703803208,1703804972,,,,
1702391017,1702391291,1702200037,1702200070,,,1703805022,1703805784,,,,
1702403909,1702403915,1702200818,1702201448,,,1703805894,1703807011,,,,
1702403922,1702403937,1702201544,1702202674,,,1703807019,1703807257,,,,
1702404034,1702404148,1702202858,1702203733,,,1703807263,1703808083,,,,
1702455247,1702455402,1702204286,1702209306,,,1703809480,1703809483,,,,
1702469696,1702469808,1702211628,1702212299,,,1703847641,1703847679,,,,
1702490322,1702490366,1702212365,1702212419,,,1703853753,1703853799,,,,
1702490393,1702490906,1702212482,1702215143,,,1703860156,1703860207,,,,
1702491203,1702491648,1702216140,1702217279,,,1703871344,1703871348,,,,
1702491879,1702492240,1702224179,1702224616,,,1703893638,1703893641,,,,
1702492822,1702493036,1702224850,1702226461,,,1703929173,1703929183,,,,
1702493591,1702494251,1702227403,1702227665,,,1703932442,1703932446,,,,
1702494258,1702494921,1702227679,1702228475,,,1703941753,1703941816,,,,
1702500130,1702500260,1702228501,1702229543,,,1703942703,1703942867,,,,
1702575886,1702575987,1702229766,1702229835,,,1703945313,1703945408,,,,
1702577222,1702577280,1702229917,1702230346,,,1704014512,1704014584,,,,
1702583298,1702583654,1702230360,1702230852,,,1704020994,1704021008,,,,
1702723592,1702724220,1702232241,1702234786,,,1704126191,1704126273,,,,
1702724498,1702724555,1702234797,1702235082,,,1704137000,1704137007,,,,
1702724774,1702725425,1702235092,1702240716,,,1704137053,1704137360,,,,
1702725516,1702725641,1702242348,1702267235,,,1704142830,1704143160,,,,
1702725879,1702726113,1702273499,1702273600,,,1704146665,1704146841,,,,
1702726204,1702727922,1702282451,1702282538,,,1704187918,1704187964,,,,
1702728183,1702728195,1702296717,1702296823,,,1704190936,1704191111,,,,
1702747302,1702747357,1702319588,1702320514,,,1704209809,1704209854,,,,
1702751092,1702751222,1702321164,1702322625,,,1704209886,1704209973,,,,
1702763825,1702764456,1702322639,1702325168,,,1704210608,1704212087,,,,
1702764785,1702765165,1702325194,1702325307,,,1704214370,1704214474,,,,
1702765172,1702765206,1702325346,1702326509,,,1704217729,1704217872,,,,
1702765255,1702765281,1702326534,1702326544,,,1704218044,1704218177,,,,
1702765504,1702766631,1702328435,1702353662,,,1704218478,1704218573,,,,
1702766640,1702769842,1702360322,1702360484,,,1704229144,1704229175,,,,
1702779497,1702785611,1702369088,1702369105,,,1704234269,1704234273,,,,
1702801292,1702801503,1702390816,1702391017,,,1704280929,1704280933,,,,
1702801680,1702802908,1702403887,1702403909,,,1704298871,1704298876,,,,
1702804759,1702805242,1702403937,1702404034,,,1704301552,1704301582,,,,
1702805256,1702805267,1702404148,1702404342,,,1704318235,1704318449,,,,
1702805288,1702805511,1702406199,1702406577,,,1704321895,1704321899,,,,
1702805588,1702805980,1702406615,1702412520,,,1704326080,1704326155,,,,
1702806003,1702806338,1702414032,1702440033,,,1704362289,1704362361,,,,
1702806368,1702807313,1702446515,1702446749,,,1704364509,1704364529,,,,
1702807848,1702808126,1702455213,1702455247,,,1704377670,1704377673,,,,
1702808445,1702810876,1702459536,1702459976,,,1704409917,1704410143,,,,
1702817503,1702817837,1702469615,1702469696,,,1704492581,1704494850,,,,
1702818664,1702818736,1702489634,1702490283,,,1704548370,1704548535,,,,
1702818739,1702818745,1702490314,1702490322,,,1704551623,1704551709,,,,
1702819612,1702819636,1702490390,1702490393,,,1704559987,1704560663,,,,
1702819650,1702819863,1702490981,1702491203,,,1704562859,1704563268,,,,
1702823090,1702823138,1702492272,1702492822,,,1704717601,1704717818,,,,
1702833028,1702833264,1702493195,1702493591,,,1704725542,1704725741,,,,
1702840273,1702840380,1702494921,1702497039,,,1704754985,1704755048,,,,
1702840386,1702840390,1702497090,1702500130,,,1704892357,1704892461,,,,
1702889056,1702889292,1702500268,1702500849,,,1704904000,1704904076,,,,
1702891604,1702891640,1702501318,1702526411,,,1704930669,1704930681,,,,
1702894282,1702894394,1702533102,1702533258,,,1704997501,1704997506,,,,
1702896845,1702897614,1702555699,1702555755,,,1705053372,1705053377,,,,
1702898206,1702900653,1702555781,1702556230,,,1705148260,1705148706,,,,
1702900956,1702901050,1702575250,1702575886,,,1705514531,1705514903,,,,
1702901947,1702902052,1702576042,1702577222,,,1705600225,1705600348,,,,
1702904307,1702904455,1702577280,1702579266,,,1705600897,1705601185,,,,
1702905741,1702906126,1702579322,1702583298,,,1705732966,1705733151,,,,
1702907947,1702908049,1702583898,1702585725,,,1705761477,1705761488,,,,
1702916937,1702917012,1702723509,1702723592,,,1705777209,1705777237,,,,
1702923151,1702923654,1702724356,1702724498,,,1705777290,1705777294,,,,
1702927513,1702928117,1702724555,1702724767,,,1705777303,1705777307,,,,
1702930773,1702931231,1702725425,1702725516,,,1705777310,1705777320,,,,
1702931978,1702936409,1702725641,1702725879,,,1705781748,1705782127,,,,
1702968454,1702968528,1702726113,1702726119,,,1705827893,1705830147,,,,
1702971834,1702971949,1702727922,1702727986,,,1705830617,1705831064,,,,
1702975316,1702975380,1702747357,1702750995,,,1705832641,1705833041,,,,
1702975383,1702975823,1702751222,1702754280,,,1705834311,1705834325,,,,
1702975831,1702979954,1702763611,1702763825,,,1705836874,1705836894,,,,
1702980193,1702980579,1702764456,1702764490,,,1705837665,1705837820,,,,
1702980718,1702980917,1702765165,1702765172,,,1705837840,1705838068,,,,
1702981502,1702981660,1702765206,1702765255,,,1705838572,1705838870,,,,
1702990469,1702991120,1702765281,1702765504,,,1705852933,1705852981,,,,
1702991279,1702991694,1702766631,1702766641,,,1705859360,1705860051,,,,
1702991762,1702992871,1702801283,1702801292,,,1705862544,1705862680,,,,
1702993282,1702994097,1702801572,1702801680,,,1705948186,1705948228,,,,
1702994517,1702994794,1702802907,1702804493,,,1706208217,1706208232,,,,
1702995553,1702995717,1702805267,1702805288,,,1706291939,1706291946,,,,
1703003993,1703004150,1702806338,1702806368,,,1706291959,1706292000,,,,
1703008903,1703010543,1702807313,1702807848,,,1706292005,1706292847,,,,
1703010566,1703010606,1702808126,1702808445,,,1706293672,1706295444,,,,
1703011002,1703011206,1702817409,1702817493,,,1706295494,1706295916,,,,
1703012324,1703012675,1702818435,1702818609,,,1706295969,1706296732,,,,
1703018880,1703019520,1702818745,1702819612,,,1706296738,1706296825,,,,
1703023249,1703023500,1702819863,1702823039,,,1706296832,1706297129,,,,
1703060754,1703060893,1702823138,1702823634,,,1706297523,1706297770,,,,
1703060944,1703060955,1702827862,1702829136,,,1706298143,1706298746,,,,
1703061251,1703061879,1702829218,1702833028,,,1706298790,1706299286,,,,
1703066790,1703068660,1702833264,1702833617,,,1706299374,1706300452,,,,
1703070765,1703071002,1702834105,1702834144,,,1706300457,1706300488,,,,
1703071642,1703072400,1702838358,1702840273,,,1706300493,1706300801,,,,
1703073683,1703073726,1702840390,1702841390,,,1706301078,1706301116,,,,
1703075137,1703075443,1702841399,1702841416,,,1706301120,1706301366,,,,
1703075606,1703076836,1702841422,1702841973,,,1706303404,1706303465,,,,
1703078198,1703078336,1702842353,1702845279,,,1706304071,1706306138,,,,
1703078504,1703079392,1702846279,1702872045,,,1706334931,1706338536,,,,
1703080220,1703083443,1702888994,1702889057,,,1706377366,1706377415,,,,
1703083449,1703084477,1702889292,1702891604,,,1706378290,1706378393,,,,
1703084605,1703085752,1702891640,1702894282,,,1706379763,1706386353,,,,
1703089485,1703089655,1702894409,1702896845,,,1706428281,1706429497,,,,
1703089915,1703089996,1702897614,1702898206,,,1706429626,1706430320,,,,
1703090996,1703091556,1702900653,1702900956,,,1706433772,1706437370,,,,
1703091960,1703092241,1702901161,1702901945,,,1706438083,1706438107,,,,
1703092321,1703094578,1702902052,1702904307,,,1706438247,1706440827,,,,
1703094818,1703096966,1702905223,1702905741,,,1706442763,1706446984,,,,
1703096989,1703097852,1702906126,1702907947,,,1706447000,1706447679,,,,
1703098049,1703098109,1702908052,1702916937,,,1706448035,1706458374,,,,
1703098154,1703098233,1702917049,1702923151,,,1706459545,1706460974,,,,
1703098275,1703101138,1702923654,1702927513,,,1706461815,1706461833,,,,
1703103970,1703105250,1702928117,1702930773,,,1706462317,1706462522,,,,
1703105553,1703107475,1702931231,1702931978,,,1706463399,1706464686,,,,
1703111052,1703111181,1702968405,1702968454,,,1706550108,1706550221,,,,
1703111425,1703118263,1702968528,1702969254,,,1706550255,1706550257,,,,
1703152075,1703152204,1702969308,1702970528,,,1706557091,1706562449,,,,
1703152345,1703152449,1702970559,1702970745,,,1706601545,1706601570,,,,
1703152472,1703153269,1702970749,1702970999,,,1706637018,1706637389,,,,
1703155586,1703155690,1702971002,1702971114,,,1706637589,1706637861,,,,
1703160776,1703161060,1702971164,1702971834,,,1706638058,1706638080,,,,
1703168139,1703168222,1702972347,1702975316,,,1706726357,1706726485,,,,
1703171379,1703171533,1702975380,1702975383,,,1706726668,1706726757,,,,
1703171620,1703171813,1702975828,1702975831,,,1706726986,1706727904,,,,
1703173630,1703174316,1702979954,1702980193,,,1706729903,1706729907,,,,
1703174320,1703174709,1702980693,1702980718,,,1706730400,1706730819,,,,
1703188425,1703191844,1702980917,1702981502,,,1706731191,1706731480,,,,
1703192284,1703195021,1702981660,1702990180,,,1706812421,1706812540,,,,
1703196928,1703197264,1702991120,1702991279,,,1706813440,1706813473,,,,
1703235728,1703235889,1702991694,1702991762,,,1706819054,1706820216,,,,
1703236006,1703236268,1702992871,1702993282,,,1706887970,1706888056,,,,
1703244467,1703244796,1702994097,1702994517,,,1706891525,1706891534,,,,
1703244887,1703244892,1702995717,1703003994,,,1706891596,1706892091,,,,
1703245009,1703245349,1703008263,1703008375,,,1706896324,1706896671,,,,
1703275173,1703275529,1703010543,1703010556,,,1706896894,1706898618,,,,
1703275626,1703276176,1703010606,1703010613,,,1706956754,1706957183,,,,
1703277413,1703277664,1703012286,1703012324,,,1706962989,1706963019,,,,
1703277737,1703277830,1703012675,1703018880,,,1706980006,1706980556,,,,
1703278208,1703278485,1703019520,1703019612,,,1706981070,1706982152,,,,
1703280141,1703280310,1703023500,1703024496,,,1707037601,1707037846,,,,
1703280854,1703281635,1703060745,1703060754,,,1707041651,1707041654,,,,
1703281785,1703282367,1703060955,1703061251,,,1707048724,1707058952,,,,
1703282937,1703285873,1703061879,1703062457,,,1707059633,1707059925,,,,
1703285889,1703289320,1703066748,1703066790,,,1707061276,1707061540,,,,
1703289415,1703293326,1703068660,1703070765,,,1707064124,1707064160,,,,
1703321299,1703321351,1703071008,1703071642,,,1707065978,1707067075,,,,
1703321682,1703321793,1703072400,1703073683,,,1707068286,1707068695,,,,
1703321882,1703322284,1703073811,1703075137,,,1707072322,1707076920,,,,
1703323392,1703323513,1703075443,1703075606,,,1707127473,1707127493,,,,
1703324798,1703324989,1703076836,1703076872,,,1707161226,1707165495,,,,
1703325001,1703325004,1703077000,1703078198,,,1707232865,1707232876,,,,
1703326660,1703326720,1703078376,1703078504,,,1707242157,1707242550,,,,
1703337618,1703338234,1703079392,1703080220,,,1707242575,1707242691,,,,
1703338573,1703339387,1703084477,1703084605,,,1707242910,1707243079,,,,
1703340994,1703341118,1703085752,1703088696,,,1707245457,1707245649,,,,
1703341809,1703346303,1703088700,1703089485,,,1707246064,1707246203,,,,
1703347587,1703347814,1703089655,1703089915,,,1707246529,1707246667,,,,
1703347927,1703348846,1703089996,1703090996,,,1707328908,1707328983,,,,
1703349204,1703349396,1703091556,1703091960,,,1707330493,1707330930,,,,
1703359550,1703360818,1703092241,1703092321,,,1707334058,1707334066,,,,
1703368356,1703368423,1703094582,1703094818,,,1707334154,1707334436,,,,
1703369301,1703369330,1703096966,1703096989,,,1707335881,1707337305,,,,
1703371151,1703371265,1703097861,1703097971,,,1707337658,1707338556,,,,
1703371289,1703371307,1703101138,1703103970,,,1707414786,1707415009,,,,
1703372575,1703372843,1703105250,1703105553,,,1707415299,1707415435,,,,
1703406642,1703406671,1703107475,1703107763,,,1707415819,1707416183,,,,
1703409350,1703409381,1703111181,1703111425,,,1707417193,1707420130,,,,
1703412338,1703412391,1703152051,1703152075,,,1707420655,1707421343,,,,
1703413969,1703414227,1703152204,1703152342,,,1707502773,1707503323,,,,
1703415789,1703417756,1703153269,1703155586,,,1707503878,1707504262,,,,
1703417934,1703418192,1703155690,1703160776,,,1707504578,1707510427,,,,
1703422369,1703422735,1703161118,1703168139,,,1707585003,1707585258,,,,
1703430049,1703430970,1703168228,1703171379,,,1707585965,1707586269,,,,
1703441439,1703441500,1703171533,1703171620,,,1707586730,1707587785,,,,
1703442101,1703443844,1703171813,1703172040,,,1707588074,1707588920,,,,
1703444061,1703444836,1703172138,1703173630,,,1707589461,1707590252,,,,
1703445072,1703445129,1703174316,1703174320,,,1707596585,1707605508,,,,
1703450794,1703450902,1703174709,1703174728,,,1707605734,1707606923,,,,
1703451522,1703452111,1703186010,1703188425,,,1707607045,1707607552,,,,
1703452445,1703453141,1703191849,1703192284,,,1707644006,1707644525,,,,
1703453157,1703455163,1703195026,1703195031,,,1707644813,1707645123,,,,
1703501225,1703501826,1703196758,1703196928,,,1707648296,1707654325,,,,
1703502125,1703502137,1703235114,1703235728,,,1707655302,1707656454,,,,
1703502283,1703504034,1703235894,1703235970,,,1707656467,1707664328,,,,
1703514662,1703514938,1703236268,1703237470,,,1707664653,1707671087,,,,
1703515025,1703517851,1703244461,1703244467,,,1707671182,1707672030,,,,
1703517871,1703518630,1703244892,1703245009,,,1707672834,1707674316,,,,
1703518683,1703518694,1703245349,1703248554,,,1707675100,1707675271,,,,
1703518916,1703519778,1703271289,1703275173,,,1707760438,1707760451,,,,
1703523287,1703524509,1703275529,1703275626,,,1707761699,1707762104,,,,
1703527792,1703532649,1703276176,1703277413,,,1707763197,1707763697,,,,
1703532699,1703535027,1703277663,1703277737,,,1707764087,1707766582,,,,
1703538402,1703542020,1703277830,1703278208,,,1707770072,1707770860,,,,
1703542027,1703542668,1703279839,1703280141,,,1707846325,1707846334,,,,
1703542678,1703542705,1703280310,1703280854,,,1707846412,1707846438,,,,
1703542710,1703542744,1703281634,1703281785,,,1707846898,1707849557,,,,
1703542755,1703546085,1703282367,1703282937,,,1707932242,1707932299,,,,
1703546161,1703546270,1703285873,1703285889,,,1707933838,1707934227,,,,
1703546601,1703546864,1703289320,1703289363,,,1707935223,1707935431,,,,
1703546869,1703548678,1703293326,1703298107,,,1707936412,1707936854,,,,
1703549776,1703550850,1703321351,1703321682,,,1707941162,1707941206,,,,
1703550970,1703551104,1703321793,1703321882,,,1708158309,1708161664,,,,
1703578995,1703579090,1703322284,1703323392,,,1708172265,1708172364,,,,
1703580311,1703582619,1703323666,1703324798,,,1708172504,1708172915,,,,
1703583172,1703587097,1703324989,1703325001,,,1708177461,1708187959,,,,
1703591063,1703593918,1703325004,1703326660,,,1708210316,1708212826,,,,
1703594062,1703595003,1703326720,1703337618,,,1708250514,1708253316,,,,
1703597516,1703598424,1703338234,1703338573,,,1708253324,1708254336,,,,
1703598546,1703599306,1703339387,1703340994,,,1708256005,1708256046,,,,
1703599979,1703600188,1703341159,1703341809,,,1708256061,1708256239,,,,
1703600259,1703602475,1703346303,1703347587,,,1708256242,1708256248,,,,
1703604312,1703604390,1703347814,1703347927,,,1708256253,1708260279,,,,
1703604736,1703609084,1703348846,1703349204,,,1708260289,1708267068,,,,
1703625054,1703625189,1703349396,1703354138,,,1708267349,1708267415,,,,
1703625333,1703625382,1703360818,1703368356,,,1708267499,1708267814,,,,
1703625559,1703625759,1703368423,1703369301,,,1708273395,1708280004,,,,
1703626475,1703627019,1703369330,1703371151,,,1708283346,1708284156,,,,
1703627502,1703627858,1703371307,1703372575,,,1708284679,1708285015,,,,
1703668532,1703668542,1703372843,1703373786,,,1708285108,1708285760,,,,
1703671802,1703673088,1703406341,1703406642,,,1708287231,1708287714,,,,
1703673183,1703674107,1703406671,1703409350,,,1708364797,1708364967,,,,
1703677613,1703677815,1703410629,1703412338,,,1708365186,1708365335,,,,
1703678541,1703678675,1703412397,1703413969,,,1708367658,1708368149,,,,
1703679171,1703681474,1703414227,1703415688,,,1708370480,1708373939,,,,
1703686014,1703686525,1703417756,1703417926,,,1708455622,1708455998,,,,
1703709718,1703712470,1703418192,1703422369,,,1708540151,1708540574,,,,
1703713295,1703713620,1703430017,1703430049,,,1708625235,1708625530,,,,
1703714235,1703714458,1703430970,1703434238,,,1708626192,1708626381,,,,
1703714502,1703716471,1703441212,1703441439,,,1708626606,1708626808,,,,
1703716912,1703718173,1703441503,1703442101,,,1708627667,1708627679,,,,
1703718231,1703718808,1703443844,1703444061,,,1708628043,1708628220,,,,
1703719042,1703720260,1703444836,1703445072,,,1708629484,1708629497,,,,
1703749695,1703749872,1703445129,1703450144,,,1708709697,1708709841,,,,
1703752023,1703754103,1703450902,1703451522,,,1708709929,1708711024,,,,
1703759971,1703760014,1703452111,1703452445,,,1708711197,1708711268,,,,
1703760659,1703761204,1703453141,1703453157,,,1708713153,1708713206,,,,
1703763957,1703766480,1703455163,1703459915,,,1708714873,1708714972,,,,
1703766962,1703767007,1703494085,1703501225,,,1708720065,1708720168,,,,
1703767295,1703769505,1703501826,1703502119,,,1708789629,1708789689,,,,
1703770061,1703770601,1703502137,1703502283,,,1708796947,1708797082,,,,
1703773681,1703773874,1703504034,1703505256,,,1708799095,1708799244,,,,
1703787282,1703792335,1703505262,1703505275,,,1708846123,1708846312,,,,
1703792347,1703792973,1703505279,1703508348,,,1708847573,1708847982,,,,
1703793161,1703793286,1703512295,1703514662,,,1708856404,1708856538,,,,
1703803108,1703803208,1703514938,1703515025,,,1708858025,1708858548,,,,
1703804972,1703805012,1703518630,1703518683,,,1708865781,1708866083,,,,
1703805784,1703805886,1703519778,1703523287,,,1708866144,1708867968,,,,
1703805890,1703805894,1703525086,1703527792,,,1708869038,1708869071,,,,
1703808083,1703808099,1703532649,1703532699,,,1708873182,1708873256,,,,
1703809300,1703809480,1703535027,1703538402,,,1708874299,1708874504,,,,
1703809483,1703809488,1703542673,1703542678,,,1708874597,1708874963,,,,
1703809530,1703809621,1703546085,1703546161,,,1708874968,1708875014,,,,
1703844613,1703844627,1703546270,1703546601,,,1708877798,1708877806,,,,
1703847135,1703847633,1703548678,1703549776,,,1708883247,1708883324,,,,
1703847679,1703852675,1703550850,1703550970,,,1708883912,1708883916,,,,
1703853745,1703853754,1703578819,1703578995,,,1708890432,1708890564,,,,
1703859359,1703859375,1703579090,1703579261,,,1708890569,1708890573,,,,
1703860134,1703860156,1703580225,1703580311,,,1708890674,1708893334,,,,
1703860207,1703867606,1703582619,1703583172,,,1709228966,1709229731,,,,
1703871123,1703871344,1703587097,1703591063,,,1709235028,1709236428,,,,
1703874972,1703875252,1703593918,1703594062,,,1709318074,1709318130,,,,
1703892122,1703892126,1703595002,1703597516,,,1709318258,1709319678,,,,
1703893633,1703893638,1703598423,1703598546,,,1709652545,1709652687,,,,
1703929154,1703929173,1703599306,1703599979,,,1709652779,1709652792,,,,
1703929274,1703929445,1703602475,1703604312,,,1709655286,1709655302,,,,
1703929955,1703930650,1703604390,1703604736,,,1709670512,1709671461,,,,
1703932427,1703932442,1703609084,1703612555,,,1709671540,1709675287,,,,
1703932905,1703933425,1703625035,1703625054,,,1709676243,1709676291,,,,
1703933428,1703935112,1703625189,1703625333,,,1709704745,1709704860,,,,
1703937673,1703938121,1703627168,1703627502,,,1709706804,1709707138,,,,
1703939815,1703939936,1703630947,1703631336,,,1709707819,1709708017,,,,
1703941722,1703941754,1703668542,1703671802,,,1709708581,1709709184,,,,
1703941816,1703942016,1703674107,1703677613,,,1709713466,1709713488,,,,
1703942082,1703942703,1703677815,1703678541,,,1709745007,1709745242,,,,
1703945408,1703945413,1703678675,1703679171,,,1709795322,1709796106,,,,
1703976474,1703978292,1703681474,1703685261,,,1709807923,1709808630,,,,
1703978307,1703979052,1703685374,1703685529,,,1709814153,1709819675,,,,
1704014072,1704014093,1703685834,1703686014,,,1709824785,1709826138,,,,
1704014304,1704014512,1703686782,1703688210,,,1709826229,1709826293,,,,
1704014788,1704014916,1703707970,1703709718,,,1709826546,1709826675,,,,
1704015115,1704015282,1703712470,1703713295,,,1709828207,1709829368,,,,
1704019280,1704019424,1703713796,1703714235,,,1709837510,1709837736,,,,
1704020854,1704020994,1703716471,1703716912,,,1709842684,1709842963,,,,
1704022508,1704022799,1703718173,1703718231,,,1709880878,1709880970,,,,
1704125855,1704126191,1703718808,1703718971,,,1709881882,1709883684,,,,
1704126526,1704126952,1703749872,1703752023,,,1709891861,1709891957,,,,
1704127875,1704128874,1703754103,1703759971,,,1710184911,1710185091,,,,
1704129391,1704129543,1703760294,1703760659,,,1710225374,1710225567,,,,
1704133839,1704134085,1703761204,1703761325,,,1710241662,1710243174,,,,
1704136667,1704137000,1703761329,1703763957,,,1710243303,1710243490,,,,
1704138318,1704138620,1703766480,1703766962,,,1710249533,1710256411,,,,
1704139824,1704139930,1703769505,1703770061,,,1710262615,1710263934,,,,
1704139953,1704140585,1703770601,1703773681,,,1710315192,1710315197,,,,
1704140686,1704142493,1703773874,1703786073,,,1710316210,1710316284,,,,
1704145686,1704145836,1703792340,1703792347,,,1710328643,1710330826,,,,
1704146660,1704146665,1703792973,1703793161,,,1710346149,1710347862,,,,
1704146840,1704146926,1703793286,1703803108,,,1710397956,1710398032,,,,
1704148094,1704149077,1703805012,1703805022,,,1710399518,1710399680,,,,
1704185318,1704185648,1703805886,1703805890,,,1710399791,1710401025,,,,
1704185678,1704186873,1703808099,1703809301,,,1710402233,1710402402,,,,
1704186983,1704187761,1703809488,1703809530,,,1710415321,1710418002,,,,
1704187964,1704188164,1703844627,1703847135,,,1710428731,1710429479,,,,
1704189116,1704190058,1703847633,1703847641,,,1710430852,1710439860,,,,
1704191111,1704191666,1703852675,1703853671,,,1710447727,1710447752,,,,
1704193436,1704194671,1703853799,1703859359,,,1710489299,1710489309,,,,
1704194772,1704195397,1703859375,1703860134,,,1710499948,1710500589,,,,
1704209117,1704209809,1703867606,1703871123,,,1710507848,1710507882,,,,
1704209973,1704210608,1703871348,1703874972,,,1710509684,1710511638,,,,
1704214345,1704214370,1703875252,1703877270,,,1710833260,1710833401,,,,
1704216942,1704217043,1703889266,1703892117,,,1711352944,1711352957,,,,
1704218573,1704219044,1703892126,1703893633,,,1711353759,1711353827,,,,
1704224688,1704225201,1703929115,1703929154,,,1711353843,1711353847,,,,
1704226649,1704226727,1703929183,1703929274,,,1711444566,1711444577,,,,
1704227140,1704227180,1703929444,1703929955,,,1711459293,1711459721,,,,
1704229130,1704229144,1703930650,1703932427,,,1711460091,1711460185,,,,
1704229175,1704229178,1703932446,1703932905,,,1711463780,1711463840,,,,
1704229561,1704229591,1703933425,1703933428,,,1711468189,1711468291,,,,
1704231487,1704234269,1703935112,1703937673,,,1711471768,1711471782,,,,
1704234278,1704235570,1703938121,1703939815,,,1711471924,1711472250,,,,
1704280289,1704280420,1703939936,1703941722,,,1711548067,1711548086,,,,
1704280597,1704280929,1703942016,1703942082,,,1711555375,1711555382,,,,
1704294194,1704295592,1703942867,1703943245,,,1711564707,1711564716,,,,
1704295759,1704298593,1703943296,1703945313,,,1711621076,1711621080,,,,
1704298716,1704298871,1703945413,1703975534,,,1711628723,1711628825,,,,
1704298883,1704301418,1703976292,1703976474,,,1711959354,1711959370,,,,
1704301582,1704301791,1703979052,1703981364,,,1711962061,1711962085,,,,
1704302288,1704302467,1704014093,1704014304,,,1711968490,1711971623,,,,
1704302764,1704303283,1704014584,1704014788,,,1711980377,1711980465,,,,
1704303299,1704303317,1704014916,1704015115,,,1712504052,1712504063,,,,
1704303323,1704306890,1704015282,1704019280,,,1713524456,1713524465,,,,
1704306989,1704310312,1704019424,1704019850,,,1713615353,1713615393,,,,
1704310741,1704312779,1704020420,1704020854,,,1714289141,1714289146,,,,
1704315376,1704318181,1704021008,1704022508,,,1716209242,1716209715,,,,
1704318616,1704318630,1704124900,1704125855,,,1716209779,1716210033,,,,
1704321259,1704321622,1704126273,1704126526,,,1716222364,1716222370,,,,
1704321832,1704321891,1704126952,1704127875,,,1716320683,1716320688,,,,
1704321899,1704325532,1704128874,1704129211,,,1716480482,1716480488,,,,
1704326155,1704328654,1704129246,1704129280,,,1716704877,1716704942,,,,
1704361356,1704362260,1704129381,1704129391,,,1716890140,1716890144,,,,
1704362361,1704362555,1704129739,1704132900,,,1716892284,1716892304,,,,
1704364485,1704364509,1704133546,1704133839,,,1717926233,1717926318,,,,
1704364529,1704366745,1704134085,1704135680,,,1718298247,1718298287,,,,
1704367324,1704367579,1704136199,1704136248,,,,,,,,
1704367751,1704368049,1704136281,1704136410,,,,,,,,
1704368091,1704368445,1704136457,1704136667,,,,,,,,
1704368578,1704369330,1704137007,1704137053,,,,,,,,
1704370889,1704371172,1704137360,1704137558,,,,,,,,
1704371416,1704371769,1704137569,1704138318,,,,,,,,
1704373265,1704374479,1704138620,1704139824,,,,,,,,
1704374582,1704377662,1704139930,1704139953,,,,,,,,
1704377673,1704378472,1704140585,1704140670,,,,,,,,
1704405822,1704406860,1704142493,1704142830,,,,,,,,
1704406949,1704409864,1704145053,1704145167,,,,,,,,
1704449646,1704449865,1704145278,1704145686,,,,,,,,
1704452561,1704453020,1704145836,1704145877,,,,,,,,
1704456612,1704456697,1704145947,1704146660,,,,,,,,
1704458183,1704458193,1704146926,1704148094,,,,,,,,
1704462633,1704463070,1704149077,1704149326,,,,,,,,
1704469411,1704472277,1704185200,1704185318,,,,,,,,
1704477824,1704477878,1704185648,1704185678,,,,,,,,
1704481966,1704483369,1704186873,1704186983,,,,,,,,
1704485112,1704485235,1704187761,1704187918,,,,,,,,
1704486226,1704486734,1704188164,1704189116,,,,,,,,
1704489545,1704489585,1704190058,1704190638,,,,,,,,
1704491686,1704491700,1704191666,1704193436,,,,,,,,
1704492447,1704492581,1704194671,1704194772,,,,,,,,
1704494850,1704494916,1704195397,1704199006,,,,,,,,
1704495255,1704495714,1704208887,1704209118,,,,,,,,
1704507054,1704507168,1704209854,1704209886,,,,,,,,
1704507255,1704507818,1704212087,1704214345,,,,,,,,
1704537425,1704537606,1704214474,1704216942,,,,,,,,
1704538277,1704539474,1704217042,1704217729,,,,,,,,
1704544222,1704544371,1704218177,1704218478,,,,,,,,
1704545199,1704545207,1704224605,1704224688,,,,,,,,
1704548295,1704548370,1704225201,1704226649,,,,,,,,
1704548535,1704548557,1704226727,1704227140,,,,,,,,
1704549595,1704549861,1704227180,1704228109,,,,,,,,
1704557787,1704557813,1704228126,1704229130,,,,,,,,
1704559427,1704559987,1704229178,1704229561,,,,,,,,
1704583441,1704586516,1704231411,1704231487,,,,,,,,
1704625114,1704625143,1704234273,1704234278,,,,,,,,
1704629319,1704629402,1704280197,1704280289,,,,,,,,
1704637965,1704638066,1704280420,1704280597,,,,,,,,
1704640050,1704640055,1704280933,1704282761,,,,,,,,
1704642555,1704642682,1704295592,1704295759,,,,,,,,
1704642819,1704642954,1704298593,1704298716,,,,,,,,
1704667072,1704667082,1704298876,1704298883,,,,,,,,
1704667089,1704667147,1704301418,1704301552,,,,,,,,
1704667999,1704668129,1704302467,1704302764,,,,,,,,
1704700059,1704700086,1704306890,1704306989,,,,,,,,
1704700201,1704700434,1704310312,1704310741,,,,,,,,
1704700706,1704700961,1704312779,1704314845,,,,,,,,
1704716104,1704717601,1704314853,1704314871,,,,,,,,
1704717818,1704718146,1704314876,1704315376,,,,,,,,
1704722494,1704722609,1704318181,1704318235,,,,,,,,
1704730147,1704730263,1704318449,1704318529,,,,,,,,
1704733031,1704733036,1704321891,1704321895,,,,,,,,
1704734495,1704734746,1704325532,1704326080,,,,,,,,
1704735530,1704735752,1704361216,1704361356,,,,,,,,
1704747881,1704754840,1704362260,1704362289,,,,,,,,
1704755048,1704755239,1704362555,1704364485,,,,,,,,
1704790397,1704802119,1704366745,1704367324,,,,,,,,
1704802283,1704802438,1704367579,1704367751,,,,,,,,
1704805943,1704806627,1704368445,1704368578,,,,,,,,
1704812323,1704812810,1704369329,1704370890,,,,,,,,
1704835427,1704835557,1704371231,1704371416,,,,,,,,
1704836479,1704837768,1704371768,1704373265,,,,,,,,
1704838886,1704838903,1704374479,1704374582,,,,,,,,
1704840318,1704841544,1704377662,1704377670,,,,,,,,
1704844036,1704844047,1704405783,1704405822,,,,,,,,
1704883988,1704884026,1704406860,1704406949,,,,,,,,
1704884271,1704884401,1704409863,1704409917,,,,,,,,
1704885282,1704885903,1704449365,1704449646,,,,,,,,
1704891367,1704892170,1704449865,1704452561,,,,,,,,
1704892309,1704892357,1704453020,1704456612,,,,,,,,
1704903000,1704903051,1704456697,1704458183,,,,,,,,
1704903982,1704904000,1704458193,1704462633,,,,,,,,
1704904076,1704904121,1704463070,1704469411,,,,,,,,
1704904806,1704904939,1704472277,1704473053,,,,,,,,
1704905041,1704905675,1704473108,1704477824,,,,,,,,
1704914320,1704914615,1704477878,1704480117,,,,,,,,
1704923434,1704923447,1704480929,1704481003,,,,,,,,
1704923607,1704924389,1704481171,1704481966,,,,,,,,
1704926246,1704926250,1704483369,1704485112,,,,,,,,
1704930118,1704930124,1704485235,1704486226,,,,,,,,
1704930316,1704930403,1704486734,1704489545,,,,,,,,
1704930886,1704931706,1704489585,1704491686,,,,,,,,
1704962987,1704963028,1704491700,1704492447,,,,,,,,
1704974169,1704974195,1704494916,1704495255,,,,,,,,
1704976639,1704976943,1704495720,1704499590,,,,,,,,
1704982647,1704983150,1704507168,1704507255,,,,,,,,
1704983598,1704983985,1704537404,1704537425,,,,,,,,
1704984282,1704984370,1704537606,1704538277,,,,,,,,
1704985066,1704985294,1704539474,1704544222,,,,,,,,
1704985710,1704986666,1704544371,1704545199,,,,,,,,
1704986759,1704987163,1704545206,1704548295,,,,,,,,
1704989571,1704989675,1704548557,1704549595,,,,,,,,
1704990083,1704990235,1704549861,1704551623,,,,,,,,
1704990761,1704991304,1704551709,1704557787,,,,,,,,
1704996957,1704997064,1704557813,1704558117,,,,,,,,
1704997334,1704997501,1704558200,1704559427,,,,,,,,
1705001280,1705001325,1704560663,1704562859,,,,,,,,
1705004344,1705004396,1704563268,1704564054,,,,,,,,
1705005846,1705006064,1704582247,1704583441,,,,,,,,
1705006698,1705006893,1704586516,1704589913,,,,,,,,
1705008815,1705008934,1704624570,1704625114,,,,,,,,
1705048878,1705048937,1704625143,1704629319,,,,,,,,
1705049246,1705049500,1704629402,1704637965,,,,,,,,
1705050845,1705052346,1704638066,1704640050,,,,,,,,
1705052353,1705052685,1704640055,1704642555,,,,,,,,
1705053377,1705053381,1704642682,1704642819,,,,,,,,
1705061433,1705061507,1704642954,1704653571,,,,,,,,
1705069483,1705072029,1704659221,1704661759,,,,,,,,
1705072058,1705072086,1704661765,1704667072,,,,,,,,
1705072551,1705072698,1704667147,1704668000,,,,,,,,
1705074160,1705074178,1704700086,1704700201,,,,,,,,
1705110106,1705110161,1704700434,1704700706,,,,,,,,
1705110370,1705110391,1704715148,1704716104,,,,,,,,
1705110396,1705111199,1704718146,1704722494,,,,,,,,
1705136053,1705136086,1704722609,1704725542,,,,,,,,
1705138405,1705138620,1704725741,1704727786,,,,,,,,
1705146553,1705146580,1704727841,1704730147,,,,,,,,
1705147253,1705147339,1704730263,1704730347,,,,,,,,
1705148706,1705148817,1704732094,1704733031,,,,,,,,
1705149462,1705149629,1704733036,1704734495,,,,,,,,
1705224584,1705224650,1704734746,1704735530,,,,,,,,
1705229310,1705229327,1704735752,1704747882,,,,,,,,
1705229355,1705229369,1704754840,1704754985,,,,,,,,
1705233459,1705233532,1704785691,1704790397,,,,,,,,
1705234406,1705234435,1704802119,1704802283,,,,,,,,
1705236564,1705236622,1704802438,1704802456,,,,,,,,
1705239179,1705239900,1704805787,1704805943,,,,,,,,
1705245120,1705245125,1704806627,1704806984,,,,,,,,
1705266686,1705266726,1704812177,1704812323,,,,,,,,
1705341212,1705341228,1704812810,1704827310,,,,,,,,
1705341599,1705341621,1704827325,1704835427,,,,,,,,
1705341655,1705341711,1704835557,1704836479,,,,,,,,
1705350606,1705351405,1704837768,1704838886,,,,,,,,
1705352371,1705352898,1704838903,1704840318,,,,,,,,
1705428658,1705428692,1704841544,1704844036,,,,,,,,
1705431327,1705431402,1704875419,1704875563,,,,,,,,
1705519717,1705519836,1704883891,1704883988,,,,,,,,
1705599958,1705600184,1704884026,1704884272,,,,,,,,
1705600847,1705600897,1704884401,1704885282,,,,,,,,
1705606489,1705608545,1704885903,1704886740,,,,,,,,
1705609350,1705609823,1704887263,1704891367,,,,,,,,
1705609840,1705611569,1704892170,1704892309,,,,,,,,
1705650481,1705651037,1704892461,1704903000,,,,,,,,
1705663544,1705663592,1704903051,1704903244,,,,,,,,
1705686951,1705687128,1704903346,1704903982,,,,,,,,
1705687775,1705687778,1704904121,1704904806,,,,,,,,
1705694195,1705694197,1704904939,1704905041,,,,,,,,
1705698120,1705698629,1704905675,1704914320,,,,,,,,
1705699148,1705700058,1704914615,1704923435,,,,,,,,
1705732607,1705732747,1704923447,1704923607,,,,,,,,
1705733151,1705733270,1704924389,1704926246,,,,,,,,
1705761350,1705761477,1704926250,1704930118,,,,,,,,
1705763175,1705763268,1704930124,1704930316,,,,,,,,
1705777200,1705777209,1704930403,1704930669,,,,,,,,
1705777294,1705777303,1704962587,1704962987,,,,,,,,
1705779185,1705779481,1704963028,1704966620,,,,,,,,
1705781373,1705781388,1704972319,1704974169,,,,,,,,
1705781413,1705781748,1704974194,1704976639,,,,,,,,
1705782512,1705789375,1704976943,1704982647,,,,,,,,
1705827850,1705827885,1704983150,1704983598,,,,,,,,
1705830147,1705830617,1704983985,1704984282,,,,,,,,
1705831064,1705831416,1704984370,1704985066,,,,,,,,
1705832527,1705832641,1704985294,1704985710,,,,,,,,
1705833041,1705833372,1704986666,1704986759,,,,,,,,
1705834299,1705834311,1704987163,1704989571,,,,,,,,
1705836894,1705837257,1704989675,1704990083,,,,,,,,
1705837450,1705837665,1704990235,1704990761,,,,,,,,
1705838068,1705838109,1704991304,1704996957,,,,,,,,
1705838538,1705838572,1704997064,1704997334,,,,,,,,
1705838870,1705838875,1704997506,1705001280,,,,,,,,
1705848153,1705850302,1705001325,1705004344,,,,,,,,
1705851151,1705851395,1705004396,1705005683,,,,,,,,
1705854014,1705854076,1705006064,1705006698,,,,,,,,
1705855180,1705855413,1705006893,1705007000,,,,,,,,
1705855599,1705855688,1705007156,1705007163,,,,,,,,
1705859003,1705859360,1705007168,1705007684,,,,,,,,
1705860051,1705860178,1705007816,1705007821,,,,,,,,
1705862680,1705862691,1705007826,1705008815,,,,,,,,
1705865257,1705865387,1705008934,1705011823,,,,,,,,
1705866540,1705866609,1705048860,1705048878,,,,,,,,
1705867035,1705867082,1705048937,1705049246,,,,,,,,
1705869743,1705869787,1705049500,1705050845,,,,,,,,
1705947003,1705947187,1705052346,1705052353,,,,,,,,
1705947981,1705948187,1705052685,1705052697,,,,,,,,
1705948433,1705949136,1705052722,1705053372,,,,,,,,
1705950077,1705950084,1705054275,1705054281,,,,,,,,
1705952187,1705952433,1705054998,1705057364,,,,,,,,
1705953399,1705953405,1705060339,1705061433,,,,,,,,
1705953878,1705953908,1705061507,1705069483,,,,,,,,
1705953921,1705953927,1705072086,1705072551,,,,,,,,
1706009635,1706009843,1705072698,1705073440,,,,,,,,
1706032412,1706032420,1705074178,1705078715,,,,,,,,
1706032965,1706033202,1705110161,1705110370,,,,,,,,
1706117885,1706117959,1705110391,1705110396,,,,,,,,
1706119619,1706119644,1705111199,1705111203,,,,,,,,
1706122622,1706122651,1705136086,1705138405,,,,,,,,
1706205864,1706205878,1705138620,1705144837,,,,,,,,
1706205970,1706206929,1705146544,1705146553,,,,,,,,
1706207275,1706207536,1705146580,1705147253,,,,,,,,
1706207633,1706207872,1705147339,1705148260,,,,,,,,
1706291946,1706291959,1705148817,1705149462,,,,,,,,
1706292847,1706293216,1705149629,1705154432,,,,,,,,
1706293331,1706293672,1705224394,1705224584,,,,,,,,
1706295916,1706295969,1705224650,1705229310,,,,,,,,
1706297129,1706297141,1705229327,1705229355,,,,,,,,
1706297359,1706297523,1705229369,1705233459,,,,,,,,
1706298746,1706298790,1705233532,1705234406,,,,,,,,
1706299316,1706299374,1705234435,1705236564,,,,,,,,
1706300801,1706300862,1705236622,1705237577,,,,,,,,
1706301035,1706301078,1705238005,1705239179,,,,,,,,
1706301376,1706301947,1705239900,1705245120,,,,,,,,
1706302067,1706303404,1705245125,1705245806,,,,,,,,
1706303569,1706304055,1705258755,1705263058,,,,,,,,
1706376586,1706377235,1705266675,1705266686,,,,,,,,
1706377305,1706377366,1705341190,1705341212,,,,,,,,
1706377415,1706378223,1705341228,1705341599,,,,,,,,
1706378393,1706379760,1705341621,1705341655,,,,,,,,
1706428011,1706428281,1705341710,1705348252,,,,,,,,
1706429497,1706429626,1705350572,1705350606,,,,,,,,
1706430320,1706430359,1705351405,1705352371,,,,,,,,
1706430872,1706433772,1705352898,1705353196,,,,,,,,
1706437370,1706438083,1705428068,1705428658,,,,,,,,
1706440827,1706440996,1705428692,1705431327,,,,,,,,
1706446984,1706447000,1705431402,1705432203,,,,,,,,
1706447679,1706447692,1705513825,1705514531,,,,,,,,
1706447908,1706448035,1705514903,1705519717,,,,,,,,
1706458791,1706458874,1705599880,1705599958,,,,,,,,
1706459543,1706459545,1705600184,1705600225,,,,,,,,
1706460974,1706461696,1705600348,1705600847,,,,,,,,
1706461833,1706462185,1705601185,1705604247,,,,,,,,
1706462522,1706463385,1705605741,1705606489,,,,,,,,
1706464777,1706465891,1705608545,1705609350,,,,,,,,
1706465905,1706465951,1705609823,1705609840,,,,,,,,
1706550018,1706550108,1705611569,1705611588,,,,,,,,
1706550257,1706557091,1705687128,1705687775,,,,,,,,
1706637389,1706637589,1705687778,1705687872,,,,,,,,
1706637988,1706638056,1705694163,1705694195,,,,,,,,
1706638080,1706638298,1705694197,1705695280,,,,,,,,
1706638386,1706638532,1705695304,1705697035,,,,,,,,
1706724392,1706724603,1705697076,1705697658,,,,,,,,
1706726185,1706726357,1705697662,1705698120,,,,,,,,
1706726484,1706726603,1705698629,1705699148,,,,,,,,
1706726757,1706726978,1705700058,1705700204,,,,,,,,
1706727904,1706729903,1705732747,1705732966,,,,,,,,
1706729910,1706730400,1705745126,1705745411,,,,,,,,
1706730818,1706731191,1705761258,1705761350,,,,,,,,
1706731480,1706731719,1705762444,1705762528,,,,,,,,
1706732772,1706733219,1705763268,1705763360,,,,,,,,
1706812540,1706812677,1705781388,1705781413,,,,,,,,
1706812723,1706813233,1705782127,1705782512,,,,,,,,
1706813358,1706813440,1705831416,1705832528,,,,,,,,
1706816128,1706816139,1705833372,1705834299,,,,,,,,
1706818055,1706819054,1705835312,1705836612,,,,,,,,
1706891534,1706891568,1705836719,1705836874,,,,,,,,
1706892091,1706892161,1705837308,1705837450,,,,,,,,
1706896671,1706896894,1705838109,1705838538,,,,,,,,
1706898618,1706898662,1705838875,1705838997,,,,,,,,
1706898943,1706904952,1705839003,1705846310,,,,,,,,
1706956430,1706956754,1705846318,1705848153,,,,,,,,
1706957183,1706958199,1705850302,1705850672,,,,,,,,
1706962952,1706962989,1705850752,1705851151,,,,,,,,
1706979925,1706980006,1705851395,1705852933,,,,,,,,
1706980556,1706980656,1705852981,1705854014,,,,,,,,
1706980716,1706981070,1705854257,1705855180,,,,,,,,
1706982152,1706982412,1705855413,1705855599,,,,,,,,
1706988322,1706988327,1705855688,1705859003,,,,,,,,
1707037570,1707037601,1705860178,1705862544,,,,,,,,
1707037900,1707038572,1705862691,1705864147,,,,,,,,
1707039749,1707040294,1705864180,1705865257,,,,,,,,
1707041654,1707043559,1705865387,1705866540,,,,,,,,
1707048598,1707048719,1705866609,1705867035,,,,,,,,
1707058952,1707058972,1705867082,1705869108,,,,,,,,
1707059925,1707060260,1705869121,1705869743,,,,,,,,
1707061540,1707061747,1705869787,1705870847,,,,,,,,
1707064063,1707064124,1705914761,1705915262,,,,,,,,
1707065218,1707065978,1705915404,1705915625,,,,,,,,
1707067075,1707067136,1705945545,1705947003,,,,,,,,
1707067197,1707068286,1705947187,1705947981,,,,,,,,
1707068695,1707072322,1705948228,1705948433,,,,,,,,
1707076920,1707079651,1705949136,1705950077,,,,,,,,
1707127502,1707127528,1705950083,1705952187,,,,,,,,
1707147194,1707147238,1705952433,1705953399,,,,,,,,
1707149318,1707150249,1705953405,1705953878,,,,,,,,
1707161069,1707161226,1705953907,1705953921,,,,,,,,
1707232845,1707232865,1705953927,1705954244,,,,,,,,
1707241841,1707242141,1706009612,1706009635,,,,,,,,
1707243079,1707243981,1706032358,1706032412,,,,,,,,
1707244215,1707245457,1706032420,1706032965,,,,,,,,
1707245649,1707246064,1706033202,1706033724,,,,,,,,
1707246203,1707246391,1706033763,1706035821,,,,,,,,
1707246507,1707246529,1706035829,1706036067,,,,,,,,
1707328719,1707328908,1706036087,1706038895,,,,,,,,
1707329221,1707330493,1706117876,1706117885,,,,,,,,
1707330930,1707332711,1706117959,1706119619,,,,,,,,
1707333284,1707333337,1706119644,1706122622,,,,,,,,
1707333509,1707334058,1706122651,1706124827,,,,,,,,
1707334436,1707335881,1706205878,1706205970,,,,,,,,
1707337305,1707337325,1706206929,1706207275,,,,,,,,
1707337361,1707337659,1706207536,1706207633,,,,,,,,
1707338556,1707338574,1706207872,1706208217,,,,,,,,
1707339656,1707340914,1706208232,1706214374,,,,,,,,
1707415009,1707415039,1706291926,1706291939,,,,,,,,
1707416288,1707417193,1706297141,1706297172,,,,,,,,
1707421343,1707421967,1706297770,1706298144,,,,,,,,
1707502563,1707502773,1706299292,1706299316,,,,,,,,
1707504372,1707504578,1706300862,1706301035,,,,,,,,
1707510427,1707510485,1706301365,1706301376,,,,,,,,
1707511482,1707512153,1706301947,1706302068,,,,,,,,
1707585258,1707585965,1706303465,1706303569,,,,,,,,
1707586269,1707586730,1706376510,1706376586,,,,,,,,
1707587785,1707588074,1706377235,1706377305,,,,,,,,
1707588920,1707589066,1706378223,1706378290,,,,,,,,
1707590252,1707590331,1706379760,1706379763,,,,,,,,
1707596504,1707596585,1706427843,1706428011,,,,,,,,
1707605515,1707605734,1706430359,1706430539,,,,,,,,
1707606923,1707606977,1706440996,1706441961,,,,,,,,
1707643208,1707644006,1706441966,1706442763,,,,,,,,
1707644525,1707644813,1706447691,1706447908,,,,,,,,
1707645123,1707645132,1706458373,1706458792,,,,,,,,
1707646827,1707648296,1706458874,1706459543,,,,,,,,
1707654325,1707654336,1706461696,1706461815,,,,,,,,
1707655297,1707655303,1706462185,1706462317,,,,,,,,
1707664328,1707664350,1706463385,1706463399,,,,,,,,
1707664430,1707664653,1706467960,1706472719,,,,,,,,
1707672030,1707672048,1706550013,1706550018,,,,,,,,
1707672830,1707672834,1706550221,1706550255,,,,,,,,
1707760343,1707760438,1706637861,1706637988,,,,,,,,
1707761480,1707761699,1706638056,1706638058,,,,,,,,
1707762104,1707762131,1706638298,1706638386,,,,,,,,
1707763100,1707763197,1706638532,1706644516,,,,,,,,
1707763697,1707763850,1706724603,1706726185,,,,,,,,
1707767831,1707768321,1706726603,1706726668,,,,,,,,
1707770059,1707770073,1706726978,1706726986,,,,,,,,
1707846334,1707846412,1706729907,1706729910,,,,,,,,
1707846438,1707846617,1706731719,1706731720,,,,,,,,
1707932299,1707932871,1706731765,1706732772,,,,,,,,
1707932896,1707933839,1706812345,1706812421,,,,,,,,
1707934486,1707935150,1706812677,1706812723,,,,,,,,
1707935431,1707936395,1706813233,1706813358,,,,,,,,
1707936854,1707941162,1706813473,1706816128,,,,,,,,
1708158276,1708158309,1706816138,1706818055,,,,,,,,
1708172022,1708172265,1706891568,1706891596,,,,,,,,
1708172915,1708177349,1706896277,1706896324,,,,,,,,
1708188924,1708192171,1706898662,1706898943,,,,,,,,
1708197516,1708197739,1706980663,1706980716,,,,,,,,
1708208931,1708210316,1706982412,1706983052,,,,,,,,
1708245112,1708245143,1706983756,1706985579,,,,,,,,
1708246447,1708246596,1706985934,1706988322,,,,,,,,
1708249138,1708250514,1707037846,1707037900,,,,,,,,
1708254346,1708255861,1707038572,1707039749,,,,,,,,
1708256046,1708256061,1707040294,1707041651,,,,,,,,
1708260279,1708260289,1707048719,1707048724,,,,,,,,
1708267068,1708267291,1707058972,1707059633,,,,,,,,
1708267415,1708267499,1707060260,1707061276,,,,,,,,
1708269763,1708273395,1707063979,1707064063,,,,,,,,
1708284156,1708284679,1707067136,1707067197,,,,,,,,
1708285015,1708285108,1707127528,1707127566,,,,,,,,
1708285760,1708287231,1707161059,1707161069,,,,,,,,
1708287714,1708288879,1707232876,1707232918,,,,,,,,
1708364739,1708364797,1707242141,1707242152,,,,,,,,
1708364967,1708365186,1707244178,1707244215,,,,,,,,
1708365335,1708366927,1707246391,1707246507,,,,,,,,
1708367626,1708367658,1707246667,1707247511,,,,,,,,
1708368768,1708368819,1707247802,1707247861,,,,,,,,
1708370230,1708370480,1707247901,1707251286,,,,,,,,
1708455166,1708455477,1707308190,1707308234,,,,,,,,
1708461349,1708464354,1707328983,1707329221,,,,,,,,
1708539162,1708539705,1707332963,1707333284,,,,,,,,
1708541823,1708542792,1707333450,1707333509,,,,,,,,
1708624323,1708625235,1707334066,1707334154,,,,,,,,
1708625530,1708625695,1707337325,1707337361,,,,,,,,
1708626131,1708626192,1707338574,1707339656,,,,,,,,
1708627253,1708627327,1707415039,1707415299,,,,,,,,
1708627382,1708627589,1707416183,1707416288,,,,,,,,
1708627679,1708627755,1707420130,1707420655,,,,,,,,
1708628436,1708629008,1707503323,1707503878,,,,,,,,
1708629504,1708631315,1707504262,1707504372,,,,,,,,
1708631392,1708633642,1707510485,1707511482,,,,,,,,
1708709841,1708709929,1707512153,1707512802,,,,,,,,
1708711024,1708711197,1707584858,1707585003,,,,,,,,
1708711276,1708712841,1707589076,1707589461,,,,,,,,
1708715133,1708715997,1707590331,1707596358,,,,,,,,
1708716804,1708718421,1707605508,1707605515,,,,,,,,
1708718465,1708718543,1707645132,1707646827,,,,,,,,
1708719025,1708719977,1707654336,1707655297,,,,,,,,
1708720168,1708720865,1707664350,1707664430,,,,,,,,
1708789586,1708789629,1707671087,1707671182,,,,,,,,
1708789950,1708792203,1707674968,1707675100,,,,,,,,
1708794780,1708795927,1707760466,1707761480,,,,,,,,
1708846312,1708847574,1707762131,1707763100,,,,,,,,
1708852378,1708856404,1707763850,1707764087,,,,,,,,
1708857884,1708858025,1707766582,1707767831,,,,,,,,
1708858548,1708858714,1707768321,1707770059,,,,,,,,
1708865415,1708865781,1707770860,1707770874,,,,,,,,
1708866083,1708866144,1707846617,1707846898,,,,,,,,
1708867968,1708869038,1707855872,1707856123,,,,,,,,
1708869071,1708869108,1707932031,1707932235,,,,,,,,
1708869170,1708869186,1707934227,1707934486,,,,,,,,
1708871594,1708871818,1707935150,1707935223,,,,,,,,
1708872997,1708873182,1707936395,1707936412,,,,,,,,
1708873256,1708874089,1707941206,1707941225,,,,,,,,
1708874504,1708874598,1708172364,1708172504,,,,,,,,
1708875722,1708876185,1708177349,1708177461,,,,,,,,
1708877806,1708878667,1708187959,1708187972,,,,,,,,
1708878829,1708878881,1708192171,1708197516,,,,,,,,
1708879110,1708879919,1708197739,1708198003,,,,,,,,
1708882848,1708882915,1708208601,1708208931,,,,,,,,
1708890349,1708890432,1708245097,1708245112,,,,,,,,
1708890573,1708890601,1708245143,1708246447,,,,,,,,
1708973576,1708973711,1708246596,1708246605,,,,,,,,
1708975248,1708975281,1708254336,1708254346,,,,,,,,
1709056326,1709056474,1708255861,1708256005,,,,,,,,
1709056570,1709056928,1708256239,1708256242,,,,,,,,
1709057063,1709057101,1708267291,1708267349,,,,,,,,
1709142885,1709142966,1708268693,1708269763,,,,,,,,
1709143055,1709145358,1708283337,1708283346,,,,,,,,
1709145933,1709149589,1708364703,1708364739,,,,,,,,
1709149594,1709151637,1708366927,1708367626,,,,,,,,
1709229731,1709232606,1708368819,1708369161,,,,,,,,
1709234404,1709235028,1708369165,1708370230,,,,,,,,
1709236428,1709236618,1708453336,1708455167,,,,,,,,
1709317930,1709318074,1708455477,1708455622,,,,,,,,
1709319678,1709320752,1708455998,1708457444,,,,,,,,
1709320937,1709322333,1708539705,1708540151,,,,,,,,
1709652462,1709652545,1708625695,1708625764,,,,,,,,
1709652796,1709655267,1708626080,1708626131,,,,,,,,
1709655302,1709655543,1708626381,1708626606,,,,,,,,
1709655560,1709655616,1708626808,1708627253,,,,,,,,
1709655624,1709655646,1708627327,1708627382,,,,,,,,
1709668166,1709669869,1708627589,1708627667,,,,,,,,
1709669876,1709669901,1708627755,1708628043,,,,,,,,
1709669907,1709670512,1708628220,1708628436,,,,,,,,
1709671461,1709671488,1708629008,1708629484,,,,,,,,
1709675287,1709676243,1708629497,1708629504,,,,,,,,
1709704860,1709706804,1708631315,1708631392,,,,,,,,
1709707145,1709707819,1708709682,1708709697,,,,,,,,
1709708017,1709708581,1708711268,1708711276,,,,,,,,
1709709187,1709713461,1708712841,1708713153,,,,,,,,
1709740910,1709744959,1708713206,1708714873,,,,,,,,
1709745242,1709746448,1708714972,1708715133,,,,,,,,
1709796106,1709796153,1708715997,1708716804,,,,,,,,
1709807692,1709807904,1708718543,1708719026,,,,,,,,
1709812700,1709814153,1708719977,1708720065,,,,,,,,
1709819675,1709824785,1708720865,1708721518,,,,,,,,
1709826138,1709826229,1708789689,1708789950,,,,,,,,
1709826293,1709826546,1708792203,1708794780,,,,,,,,
1709826675,1709828207,1708795927,1708796546,,,,,,,,
1709829368,1709830292,1708796555,1708796947,,,,,,,,
1709837459,1709837510,1708797082,1708799095,,,,,,,,
1709837736,1709837930,1708851646,1708852378,,,,,,,,
1709837993,1709840996,1708858714,1708859353,,,,,,,,
1709841033,1709842684,1708864100,1708865415,,,,,,,,
1709880790,1709880878,1708869108,1708869170,,,,,,,,
1709881334,1709881389,1708869186,1708871594,,,,,,,,
1709883684,1709883701,1708871818,1708872997,,,,,,,,
1709891836,1709891861,1708874089,1708874300,,,,,,,,
1709892117,1709895559,1708874963,1708874969,,,,,,,,
1710184588,1710184775,1708878667,1708878829,,,,,,,,
1710185091,1710187155,1708879042,1708879111,,,,,,,,
1710224954,1710225374,1708883324,1708883888,,,,,,,,
1710226441,1710227386,1708888004,1708890349,,,,,,,,
1710234061,1710238656,1708890564,1708890569,,,,,,,,
1710241170,1710241178,1708890601,1708890674,,,,,,,,
1710243174,1710243303,1708893334,1708893705,,,,,,,,
1710243490,1710244030,1708973491,1708973576,,,,,,,,
1710248956,1710249533,1708973711,1708975230,,,,,,,,
1710256731,1710256828,1708975281,1708977063,,,,,,,,
1710261898,1710262615,1709056006,1709056326,,,,,,,,
1710263961,1710276385,1709056491,1709056570,,,,,,,,
1710315182,1710315192,1709056928,1709057063,,,,,,,,
1710316284,1710316608,1709057101,1709057945,,,,,,,,
1710328013,1710328126,1709060688,1709062766,,,,,,,,
1710337784,1710346045,1709143041,1709143055,,,,,,,,
1710347862,1710364881,1709145401,1709145933,,,,,,,,
1710397940,1710397951,1709149589,1709149594,,,,,,,,
1710399185,1710399509,1709228500,1709228966,,,,,,,,
1710399514,1710399518,1709232606,1709234404,,,,,,,,
1710402228,1710402233,1709320752,1709320937,,,,,,,,
1710428593,1710428649,1709322333,1709322752,,,,,,,,
1710429923,1710430852,1709652687,1709652779,,,,,,,,
1710439860,1710440396,1709652792,1709652796,,,,,,,,
1710445597,1710447727,1709671488,1709671540,,,,,,,,
1710489293,1710489299,1709704716,1709704745,,,,,,,,
1710492347,1710492398,1709707138,1709707145,,,,,,,,
1710507778,1710507848,1709709183,1709709187,,,,,,,,
1710508248,1710509531,1709713461,1709713466,,,,,,,,
1710833410,1710833516,1709744959,1709745007,,,,,,,,
1711352721,1711352743,1709796153,1709798545,,,,,,,,
1711352957,1711353181,1709807904,1709807923,,,,,,,,
1711353847,1711353933,1709837978,1709837993,,,,,,,,
1711444092,1711444566,1709880970,1709881334,,,,,,,,
1711444582,1711445669,1709881389,1709881882,,,,,,,,
1711445794,1711447626,1709883701,1709883723,,,,,,,,
1711459005,1711459293,1709891957,1709891969,,,,,,,,
1711459739,1711460090,1710184775,1710184911,,,,,,,,
1711460185,1711460465,1710225567,1710226441,,,,,,,,
1711465982,1711466021,1710239352,1710241170,,,,,,,,
1711466025,1711466522,1710241178,1710241662,,,,,,,,
1711466533,1711467903,1710244030,1710248956,,,,,,,,
1711468291,1711471768,1710256828,1710261898,,,,,,,,
1711472250,1711473850,1710263934,1710263961,,,,,,,,
1711473942,1711475152,1710315197,1710316210,,,,,,,,
1711477370,1711477386,1710328126,1710328643,,,,,,,,
1711477879,1711477947,1710336418,1710337784,,,,,,,,
1711479231,1711479417,1710346045,1710346149,,,,,,,,
1711528261,1711528555,1710397951,1710397956,,,,,,,,
1711545623,1711546638,1710398032,1710398209,,,,,,,,
1711546843,1711546851,1710399509,1710399514,,,,,,,,
1711548002,1711548067,1710399680,1710399791,,,,,,,,
1711548086,1711548336,1710401025,1710402228,,,,,,,,
1711555391,1711556134,1710428649,1710428731,,,,,,,,
1711556165,1711556197,1710429479,1710429923,,,,,,,,
1711556217,1711556269,1710447752,1710447780,,,,,,,,
1711556292,1711556352,1710489309,1710489891,,,,,,,,
1711556378,1711560102,1710499709,1710499948,,,,,,,,
1711560640,1711561639,1710507881,1710508248,,,,,,,,
1711562191,1711564707,1710509531,1710509684,,,,,,,,
1711564806,1711567919,1710833401,1710833410,,,,,,,,
1711568026,1711569257,1711352743,1711352944,,,,,,,,
1711569270,1711569296,1711353182,1711353759,,,,,,,,
1711569343,1711569870,1711353827,1711353842,,,,,,,,
1711569878,1711569951,1711444577,1711444582,,,,,,,,
1711570037,1711570853,1711445669,1711445794,,,,,,,,
1711573071,1711577996,1711447626,1711459005,,,,,,,,
1711619184,1711619268,1711459721,1711459738,,,,,,,,
1711619732,1711619799,1711467903,1711468189,,,,,,,,
1711620754,1711621076,1711471782,1711471924,,,,,,,,
1711621089,1711623587,1711475152,1711476003,,,,,,,,
1711626569,1711628656,1711476043,1711476648,,,,,,,,
1711628826,1711632919,1711476656,1711477370,,,,,,,,
1711959314,1711959354,1711477386,1711477879,,,,,,,,
1711959443,1711960520,1711477947,1711479231,,,,,,,,
1711960585,1711962060,1711479417,1711484590,,,,,,,,
1711962573,1711968447,1711528247,1711528261,,,,,,,,
1711971623,1711979995,1711528555,1711545622,,,,,,,,
1711980467,1711983639,1711546638,1711546843,,,,,,,,
1712503289,1712503330,1711546851,1711548002,,,,,,,,
1712503959,1712504052,1711548336,1711552970,,,,,,,,
1712504570,1712504645,1711554322,1711555374,,,,,,,,
1712504745,1712504941,1711555382,1711555388,,,,,,,,
1712505175,1712505517,1711561639,1711562191,,,,,,,,
1712581697,1712581755,1711564716,1711564806,,,,,,,,
1712585605,1712585627,1711567919,1711568026,,,,,,,,
1712593430,1712593440,1711569263,1711569270,,,,,,,,
1713034800,1713058614,1711569870,1711569878,,,,,,,,
1713114397,1713114437,1711570853,1711572977,,,,,,,,
1713168445,1713168479,1711572986,1711573070,,,,,,,,
1713524471,1713524661,1711619268,1711619732,,,,,,,,
1713605264,1713607739,1711619975,1711620117,,,,,,,,
1713611796,1713611848,1711620133,1711620241,,,,,,,,
1713615269,1713615352,1711620363,1711620754,,,,,,,,
1713633168,1713633597,1711621080,1711621088,,,,,,,,
1713636333,1713636495,1711623587,1711626569,,,,,,,,
1713640571,1713640709,1711628656,1711628723,,,,,,,,
1713707406,1713708350,1711632920,1711633091,,,,,,,,
1713901807,1713901840,1711959370,1711959443,,,,,,,,
1714288879,1714289133,1711960520,1711960578,,,,,,,,
1714289146,1714289151,1711962085,1711962456,,,,,,,,
1714289903,1714291133,1711968447,1711968490,,,,,,,,
1714331281,1714331504,1711979996,1711980376,,,,,,,,
1714851220,1714851277,1712503235,1712503288,,,,,,,,
1715437225,1715437261,1712503332,1712503959,,,,,,,,
1715596357,1715596367,1712504064,1712504188,,,,,,,,
1715596440,1715596456,1712504317,1712504569,,,,,,,,
1716155707,1716155764,1712504645,1712504744,,,,,,,,
1716197972,1716198383,1712504942,1712505174,,,,,,,,
1716198429,1716199503,1712505517,1712509003,,,,,,,,
1716199758,1716199801,1712509022,1712513509,,,,,,,,
1716209208,1716209241,1712581650,1712581697,,,,,,,,
1716209716,1716209779,1712585627,1712586351,,,,,,,,
1716210033,1716210058,1712593440,1712593487,,,,,,,,
1716222094,1716222364,1712593642,1712595650,,,,,,,,
1716230516,1716230753,1713034562,1713034799,,,,,,,,
1716320663,1716320678,1713114371,1713114396,,,,,,,,
1716480472,1716480482,1713114480,1713114483,,,,,,,,
1716704942,1716706245,1713118708,1713123292,,,,,,,,
1716754984,1716755367,1713168424,1713168445,,,,,,,,
1716798527,1716798549,1713168479,1713179806,,,,,,,,
1716890136,1716890140,1713251886,1713259506,,,,,,,,
1716892184,1716892283,1713261113,1713292689,,,,,,,,
1716973311,1716973319,1713307811,1713309075,,,,,,,,
1716975813,1716996167,1713337947,1713395351,,,,,,,,
1717061009,1717061324,1713520669,1713524456,,,,,,,,
1717150117,1717150349,1713524465,1713524471,,,,,,,,
1717926217,1717926232,1713605178,1713605263,,,,,,,,
1717926318,1717926535,1713611848,1713615269,,,,,,,,
1718298234,1718298246,1713615394,1713633168,,,,,,,,
,,1713633597,1713636333,,,,,,,,
,,1713640898,1713640967,,,,,,,,
,,1713686750,1713707406,,,,,,,,
,,1713708351,1713712840,,,,,,,,
,,1713806065,1713809179,,,,,,,,
,,1713812815,1713813141,,,,,,,,
,,1713813320,1713816218,,,,,,,,
,,1713899896,1713901807,,,,,,,,
,,1713901840,1713904063,,,,,,,,
,,1713966378,1713976347,,,,,,,,
,,1713984492,1713988452,,,,,,,,
,,1714157618,1714157940,,,,,,,,
,,1714157972,1714160146,,,,,,,,
,,1714288053,1714288775,,,,,,,,
,,1714288781,1714288879,,,,,,,,
,,1714289151,1714289903,,,,,,,,
,,1714291133,1714292202,,,,,,,,
,,1714292210,1714292950,,,,,,,,
,,1714292956,1714297458,,,,,,,,
,,1714330711,1714331281,,,,,,,,
,,1714331505,1714335887,,,,,,,,
,,1714374547,1714432011,,,,,,,,
,,1714468696,1714469067,,,,,,,,
,,1714469073,1714469177,,,,,,,,
,,1714469185,1714469287,,,,,,,,
,,1714469292,1714471063,,,,,,,,
,,1714471207,1714471852,,,,,,,,
,,1714569807,1714569958,,,,,,,,
,,1714569964,1714570263,,,,,,,,
,,1714570294,1714570854,,,,,,,,
,,1714570867,1714570944,,,,,,,,
,,1714570961,1714571014,,,,,,,,
,,1714571023,1714572111,,,,,,,,
,,1714572153,1714579118,,,,,,,,
,,1714725518,1714725791,,,,,,,,
,,1714843339,1714851219,,,,,,,,
,,1714916819,1714917384,,,,,,,,
,,1714917394,1714920785,,,,,,,,
,,1714920870,1714920885,,,,,,,,
,,1714921135,1714922373,,,,,,,,
,,1715018081,1715018086,,,,,,,,
,,1715018295,1715021991,,,,,,,,
,,1715106244,1715108456,,,,,,,,
,,1715195884,1715196169,,,,,,,,
,,1715196191,1715201117,,,,,,,,
,,1715258665,1715258672,,,,,,,,
,,1715258711,1715260874,,,,,,,,
,,1715261142,1715262539,,,,,,,,
,,1715262630,1715266308,,,,,,,,
,,1715266360,1715266406,,,,,,,,
,,1715266441,1715276346,,,,,,,,
,,1715361819,1715363852,,,,,,,,
,,1715363860,1715363893,,,,,,,,
,,1715363898,1715373136,,,,,,,,
,,1715433300,1715435947,,,,,,,,
,,1715435985,1715437225,,,,,,,,
,,1715437261,1715438402,,,,,,,,
,,1715512395,1715512473,,,,,,,,
,,1715586252,1715586486,,,,,,,,
,,1715596344,1715596357,,,,,,,,
,,1715764327,1715770952,,,,,,,,
,,1716054698,1716055646,,,,,,,,
,,1716056146,1716056291,,,,,,,,
,,1716127928,1716155707,,,,,,,,
,,1716197792,1716197835,,,,,,,,
,,1716197861,1716197972,,,,,,,,
,,1716199503,1716199758,,,,,,,,
,,1716209191,1716209208,,,,,,,,
,,1716221774,1716222094,,,,,,,,
,,1716222370,1716223002,,,,,,,,
,,1716223008,1716230515,,,,,,,,
,,1716230753,1716232199,,,,,,,,
,,1716312607,1716313675,,,,,,,,
,,1716313684,1716320663,,,,,,,,
,,1716320694,1716320702,,,,,,,,
,,1716479305,1716479710,,,,,,,,
,,1716479757,1716480472,,,,,,,,
,,1716480500,1716481389,,,,,,,,
,,1716481395,1716483132,,,,,,,,
,,1716483139,1716494533,,,,,,,,
,,1716571647,1716580024,,,,,,,,
,,1716704602,1716704876,,,,,,,,
,,1716706245,1716711944,,,,,,,,
,,1716748951,1716754983,,,,,,,,
,,1716755367,1716757076,,,,,,,,
,,1716790801,1716790857,,,,,,,,
,,1716797628,1716798511,,,,,,,,
,,1716798522,1716798527,,,,,,,,
,,1716798549,1716803678,,,,,,,,
,,1716890058,1716890129,,,,,,,,
,,1716891070,1716892184,,,,,,,,
,,1716892304,1716892595,,,,,,,,
,,1716973319,1716975813,,,,,,,,
,,1716996168,1717023430,,,,,,,,
,,1717060933,1717061009,,,,,,,,
,,1717148615,1717150117,,,,,,,,
,,1717150349,1717154767,,,,,,,,
,,1717926044,1717926216,,,,,,,,
,,1718297929,1718298182,,,,,,,,
,,1718298193,1718298234,,,,,,,,
,,1718298425,1718299327,,,,,,,,